<?xml version="1.0"?>
<PolyFrame>
	<PolyFrameLevel>
		<Level range="1,	     15,		30,		45,		50,		52,		55,		60,		65,		70,		75,		80,   82,   84,   86"/>
		<EventLevel range="1,	  1,		1,		1,		1,		1,		1,		1,		1,		60,		60,		65,   65,   65,   80"/>
	</PolyFrameLevel>
	<PolyFrameRate>
		<Frame rate="21,    21,   21,   22.4, 22.4, 24,   25.9, 25.9, 25.9, 25.9, 28,   30.6, 31.1, 31.6, 31.6" action="1,47,30,72,78"/>
		<Frame rate="21.2,  21.2, 21.2, 22.5, 22.5, 24,   25.7, 25.7, 25.7, 25.7, 27.7, 30,   30.6, 31.1, 31.1" action="5,41,55,59,73,77,80,81,89,92,93"/>
		<Frame rate="21.4,  21.4, 21.4, 22.6, 22.6, 24,   25.6, 25.6, 25.6, 25.6, 27.5, 29.6, 30.2, 30.8, 30.8" action="25,84,76,87"/>
		<Frame rate="21.5,  21.5, 21.5, 22.7, 22.7, 24,   25.5, 25.5, 25.5, 25.5, 27.2, 29.2, 29.8, 30.4, 30.4" action="12,51,74,79,94"/>
		<Frame rate="21.8,  21.8, 21.8, 22.8, 22.8, 24,   25.4, 25.4, 25.4, 25.4, 26.9, 28.5, 29.1, 29.7, 29.7" action="21,63,75,82"/>
		<Frame rate="22.6,  22.6, 22.6, 24,   24,   24,   24,   24,   24,   25.5, 25.5, 25.5, 25.5, 25.5, 25.5" action="18,31"/>
		<Frame rate="22.8,  22.8, 22.8, 24,   24,   24,   24,   24,   24,   25.3, 25.3, 25.3, 25.3, 25.3, 25.3" action="19"/>
		<Frame rate="17.5,  17.5, 17.5, 19.2, 19.2, 24,   24,   27.4, 32,   38.4, 38.4, 38.4, 38.4, 38.4, 38.4" action="2,6,13,22,26,42,52,56,60,64,85,90"/>
		<Frame rate="18.5,  18.5, 18.5, 20,   20,   24,   24,   26.7, 30,   34.3, 34.3, 34.3, 34.3, 34.3, 34.3" action="48"/>
		<Frame rate="24,    24,   24,   24,   24,   24,   24,   24,   24,   24,   24,   24,   24,   24,   24" action="3,9,7,8,14,23,27,43,49,53,57,61,65,86,15,17,28,66,67,68,69,70,71,91,95,96,97"/>
		<Frame rate="24,    24,   24,   24,   24,   24,   24,   24,   24,   24,   24,   24,   24,   24,   24" action="0,4,11,20,24,40,46,50,54,58,62,83,88"/>
	</PolyFrameRate>
	<PolyFrameException>
		<Sprite target="11333,11343,11355,11364,11379,13450,15526"/>
		<Frame rate="24,    24.4, 24.9, 25.5, 26.2, 27,   27.9, 28.9, 30,   31.2, 31.2, 31.2, 31.2, 31.2, 31.2" action="0,4,11,20,24,40,46,50,54,58,62,83,88"/>
	</PolyFrameException>
	<TargetSprite>
		<Target>11328</Target>
		<Target>11329</Target>
		<Target>11330</Target>
		<Target>11331</Target>
		<Target>11332</Target>
		<Target>11333</Target>
		<Target>11334</Target>
		<Target>11335</Target>
		<Target>11336</Target>
		<Target>11337</Target>
		<Target>11338</Target>
		<Target>11339</Target>
		<Target>11340</Target>
		<Target>11341</Target>
		<Target>11342</Target>
		<Target>11343</Target>
		<Target>11344</Target>
		<Target>11345</Target>
		<Target>11346</Target>
		<Target>11347</Target>
		<Target>11348</Target>
		<Target>11349</Target>
		<Target>11350</Target>
		<Target>11351</Target>
		<Target>11352</Target>
		<Target>11353</Target>
		<Target>11354</Target>
		<Target>11355</Target>
		<Target>11356</Target>
		<Target>11357</Target>
		<Target>11358</Target>
		<Target>11359</Target>
		<Target>11360</Target>
		<Target>11361</Target>
		<Target>11362</Target>
		<Target>11363</Target>
		<Target>11364</Target>
		<Target>11365</Target>
		<Target>11366</Target>
		<Target>11367</Target>
		<Target>11368</Target>
		<Target>11369</Target>
		<Target>11370</Target>
		<Target>11371</Target>
		<Target>11372</Target>
		<Target>11373</Target>
		<Target>11374</Target>
		<Target>11375</Target>
		<Target>11377</Target>
		<Target>11378</Target>
		<Target>11379</Target>
		<Target>11380</Target>
		<Target>11381</Target>
		<Target>11382</Target>
		<Target>11383</Target>
		<Target>11384</Target>
		<Target>11385</Target>
		<Target>11386</Target>
		<Target>11387</Target>
		<Target>11388</Target>
		<Target>11389</Target>
		<Target>11390</Target>
		<Target>11391</Target>
		<Target>11392</Target>
		<Target>11393</Target>
		<Target>11394</Target>
		<Target>11395</Target>
		<Target>11396</Target>
		<Target>11397</Target>
		<Target>11398</Target>
		<Target>11399</Target>
		<Target>11400</Target>
		<Target>11401</Target>
		<Target>11402</Target>
		<Target>11403</Target>
		<Target>11404</Target>
		<Target>11405</Target>
		<Target>11406</Target>
		<Target>11407</Target>
		<Target>11408</Target>
		<Target>11409</Target>
		<Target>11410</Target>
		<Target>11411</Target>
		<Target>11412</Target>
		<Target>11413</Target>
		<Target>11414</Target>
		<Target>11415</Target>
		<Target>11416</Target>
		<Target>11417</Target>
		<Target>11418</Target>
		<Target>11419</Target>
		<Target>11420</Target>
		<Target>11421</Target>
		<Target>11446</Target>
		<Target>11447</Target>
		<Target>12225</Target>
		<Target>12226</Target>
		<Target>12227</Target>
		<Target>12237</Target>
		<Target>12240</Target>
		<Target>12541</Target>
		<Target>12542</Target>
		<Target>12681</Target>
		<Target>12702</Target>
		<Target>13152</Target>
		<Target>13153</Target>
		<Target>13216</Target>
		<Target>13217</Target>
		<Target>13218</Target>
		<Target>13219</Target>
		<Target>13220</Target>
		<Target>13388</Target>
		<Target>13389</Target>
		<Target>13450</Target>
		<Target>11635</Target>
		<Target>11650</Target>
		<Target>13346</Target>
		<Target>13631</Target>
		<Target>13635</Target>
		<Target>13715</Target>
		<Target>13717</Target>
		<Target>13719</Target>
		<Target>13721</Target>
		<Target>13723</Target>
		<Target>13725</Target>
		<Target>13727</Target>
		<Target>13729</Target>
		<Target>13731</Target>
		<Target>13733</Target>
		<Target>13735</Target>
		<Target>13737</Target>
		<Target>13739</Target>
		<Target>13741</Target>
		<Target>13743</Target>
		<Target>13745</Target>
		<Target>14461</Target>
		<Target>14462</Target>
		<Target>14478</Target>
		<Target>14927</Target>
		<Target>14928</Target>
		<Target>15115</Target>
		<Target>15539</Target>
		<Target>15537</Target>
		<Target>15534</Target>
		<Target>15814</Target>
		<Target>15550</Target>
		<Target>15548</Target>
		<Target>15545</Target>
		<Target>15526</Target>
		<Target>15528</Target>
		<Target>15531</Target>
		<Target>15532</Target>
		<Target>15534</Target>
		<Target>15537</Target>
		<Target>15539</Target>
		<Target>15545</Target>
		<Target>15548</Target>
		<Target>15550</Target>
		<Target>15814</Target>
		<Target>15830</Target>
		<Target>15831</Target>
		<Target>15832</Target>
		<Target>15833</Target>
		<Target>15834</Target>
		<Target>15846</Target>
		<Target>15847</Target>
		<Target>15848</Target>
		<Target>15849</Target>
		<Target>15850</Target>
		<Target>15599</Target>
		<Target>15868</Target>
		<Target>15866</Target>
		<Target>15865</Target>
		<Target>16402</Target>
		<Target>16284</Target>
		<Target>16014</Target>
		<Target>16053</Target>
		<Target>15986</Target>
		<Target>16056</Target>
		<Target>16008</Target>
		<Target>16074</Target>
		<Target>16002</Target>
		<Target>16040</Target>
		<Target>16027</Target>
		<Target>17515</Target>
		<Target>17531</Target>
		<Target>17535</Target>
		<Target>17549</Target>
		<Target>17545</Target>
		<Target>17541</Target>
		<Target>18352</Target>
		<Target>18353</Target>
		<Target>18354</Target>
		<Target>18355</Target>
		<Target>18356</Target>
		<Target>18357</Target>
		<Target>18358</Target>
		<Target>18359</Target>
		<Target>18360</Target>
		<Target>18361</Target>
		<Target>18362</Target>
		<Target>18363</Target>
		<Target>18364</Target>
		<Target>18365</Target>
		<Target>18366</Target>
		<Target>18367</Target>
		<Target>18551</Target>
		<Target>18555</Target>
		<Target>18655</Target>
		<Target>18656</Target>
		<Target>18657</Target>
		<Target>18658</Target>
		<Target>18659</Target>
		<Target>18660</Target>
		<Target>18661</Target>
		<Target>18662</Target>
		<Target>18663</Target>
		<Target>18664</Target>
		<Target>18665</Target>
		<Target>18666</Target>
		<Target>18667</Target>
		<Target>18668</Target>
		<Target>18669</Target>
		<Target>18670</Target>
		<Target>18671</Target>
		<Target>18672</Target>
		<Target>18725</Target>
		<Target>18726</Target>
	</TargetSprite>
</PolyFrame>
