<?xml version="1.0" encoding="UTF-8"?>
<GMCommands>
	<ItemSetList>
		<!-- +10 데스나이트 세트(정의 샘플) -->
		<ItemSet Name="데스셋">
			<Item Id="58" Amount="1" Enchant="10"/>
			<Item Id="20010" Amount="1" Enchant="10"/>
			<Item Id="20100" Amount="1" Enchant="10"/>
			<Item Id="20166" Amount="1" Enchant="10"/>
			<Item Id="20198" Amount="1" Enchant="10"/>
		</ItemSet>
	</ItemSetList>
	<RoomList>
		<!-- Town -->
		<Room Name="글루디오" LocX="32612" LocY="32734" MapId="4"/>
		<Room Name="기란" LocX="33442" LocY="32797" MapId="4"/>
		<Room Name="노래하는섬" LocX="32782" LocY="32756" MapId="68"/>
		<Room Name="말하는섬" LocX="32580" LocY="32931" MapId="0"/>
		<Room Name="아덴" LocX="33966" LocY="33253" MapId="4"/>
		<Room Name="오렌" LocX="34061" LocY="32276" MapId="4"/>
		<Room Name="윈다우드" LocX="32630" LocY="33180" MapId="4"/>
		<Room Name="숨겨진계곡" LocX="32690" LocY="32855" MapId="69"/>
		<Room Name="요정숲" LocX="33051" LocY="32340" MapId="4"/>
		<Room Name="켄트" LocX="33050" LocY="32780" MapId="4"/>
		<Room Name="하이네" LocX="33607" LocY="33239" MapId="4"/>
		<Room Name="웰던" LocX="33705" LocY="32504" MapId="4"/>
		<Room Name="은기사마을" LocX="33080" LocY="33392" MapId="4"/>   
		<Room Name="상아탑1" LocX="32771" LocY="32822" MapId="75"/>
		<Room Name="침묵의동굴" LocX="32855" LocY="32900" MapId="304"/>
		<Room Name="오크숲" LocX="32715" LocY="32448" MapId="4"/>
		<Room Name="군터" LocX="32669" LocY="32790" MapId="3"/>
		<Room Name="짚시" LocX="33978" LocY="32927" MapId="4"/>
		<Room Name="블루디카" LocX="32741" LocY="32797" MapId="305"/>
		<Room Name="디가르뎅" LocX="32766" LocY="32797" MapId="77"/>
		<Room Name="해적섬" LocX="32424" LocY="33068" MapId="440"/>
		<Room Name="베히모스" LocX="32800" LocY="32868" MapId="1001"/>
		<Room Name="실베리아" LocX="32800" LocY="32856" MapId="1000"/>
		<Room Name="테베사막" LocX="32630" LocY="32903" MapId="780"/>
		<Room Name="테베피라미드내부" LocX="32743" LocY="32799" MapId="781"/>
		<Room Name="테베오시리스제단" LocX="32735" LocY="32830" MapId="782"/>
		
		<!-- Castle -->
		<Room Name="아덴수호탑" LocX="34090" LocY="33261" MapId="4"/>

		<!-- 내성 -->
		<Room Name="디아드요새" LocX="33027" LocY="32896" MapId="320"/>
		<Room Name="켄트성" LocX="32736" LocY="32787" MapId="15"/>
		<Room Name="윈다우드성" LocX="32735" LocY="32788" MapId="29"/>
		<Room Name="하이네성" LocX="32572" LocY="32826" MapId="64"/>
		<Room Name="기란성" LocX="32730" LocY="32802" MapId="52"/>
		<Room Name="아덴성" LocX="32895" LocY="32533" MapId="300"/>
		<Room Name="지저성" LocX="32858" LocY="32804" MapId="66"/>
		<Room Name="오크요새" LocX="32785" LocY="32294" MapId="4"/>

		<!-- Field -->
		<Room Name="오아시스" LocX="32861" LocY="33255" MapId="4"/>
		<Room Name="용뼈" LocX="33395" LocY="32331" MapId="4"/>
						
		<!-- Dungeon -->
		<Room Name="수정동굴1" LocX="32746" LocY="32787" MapId="72"/>
		<Room Name="수정동굴2" LocX="32755" LocY="32871" MapId="73"/>
		<Room Name="수정동굴3" LocX="32731" LocY="32854" MapId="74"/>
		<Room Name="용던1" LocX="32740" LocY="32777" MapId="30"/>
		<Room Name="용던2" LocX="32760" LocY="32781" MapId="31"/>
		<Room Name="용던3" LocX="32709" LocY="32818" MapId="32"/>
		<Room Name="용던4" LocX="32669" LocY="32869" MapId="33"/>
		<Room Name="용던5" LocX="32746" LocY="32802" MapId="35"/>
		<Room Name="용던6" LocX="32663" LocY="32846" MapId="36"/>
		<Room Name="용던7" LocX="32668" LocY="32867" MapId="37"/>
		<Room Name="본던3" LocX="32798" LocY="32754" MapId="9"/>
		<Room Name="본던4" LocX="32764" LocY="32773" MapId="10"/>
		<Room Name="본던5" LocX="32729" LocY="32724" MapId="11"/>
		<Room Name="본던6" LocX="32805" LocY="32725" MapId="12"/>
		<Room Name="본던7" LocX="32730" LocY="32726" MapId="13"/>
		<Room Name="개미굴1" LocX="32738" LocY="32799" MapId="49"/>
		<Room Name="개미굴2" LocX="32740" LocY="32802" MapId="50"/>
		<Room Name="개미굴3" LocX="32764" LocY="32828" MapId="51"/>
		<Room Name="상아탑5" LocX="32772" LocY="32805" MapId="79"/>
		<Room Name="상아탑6" LocX="32748" LocY="32802" MapId="80"/>
		<Room Name="상아탑7" LocX="32766" LocY="32849" MapId="81"/>
		<Room Name="상아탑8" LocX="32742" LocY="32798" MapId="82"/>
		<Room Name="기던2" LocX="32809" LocY="32793" MapId="54"/>
		<Room Name="기던3" LocX="32734" LocY="32728" MapId="55"/>
		<Room Name="기던4" LocX="32770" LocY="32730" MapId="56"/>
		<Room Name="사던2" LocX="32802" LocY="32815" MapId="26"/>
		<Room Name="사던3" LocX="32807" LocY="32812" MapId="27"/>
		<Room Name="사던4" LocX="32799" LocY="32798" MapId="28"/>
		<Room Name="켄던1" LocX="32720" LocY="33088" MapId="240"/>
		<Room Name="켄던2" LocX="32759" LocY="32884" MapId="241"/>
		<Room Name="켄던3" LocX="32808" LocY="32918" MapId="242"/>
		<Room Name="켄던4" LocX="32742" LocY="32857" MapId="243"/>
		<Room Name="윈던1" LocX="32810" LocY="32723" MapId="23"/>
		<Room Name="윈던2" LocX="32809" LocY="32812" MapId="24"/>
		<Room Name="몽섬" LocX="32633" LocY="32817" MapId="303"/>
		<Room Name="잊섬" LocX="32828" LocY="32848" MapId="70"/>
		<Room Name="섬던1" LocX="32669" LocY="32802" MapId="1"/>
		<Room Name="섬던2" LocX="32665" LocY="32789" MapId="2"/>
		<Room Name="침공로1" LocX="32761" LocY="32822" MapId="307"/>
		<Room Name="침공로2" LocX="32751" LocY="32823" MapId="308"/>
		<Room Name="침공로3" LocX="32757" LocY="32836" MapId="309"/>
		<Room Name="해적섬던전1" LocX="32738" LocY="32738" MapId="441"/>
		<Room Name="해적섬던전2" LocX="32862" LocY="32730" MapId="442"/>
		<Room Name="해적섬던전3" LocX="32864" LocY="32781" MapId="443"/>
		<Room Name="해적섬던전4" LocX="32746" LocY="32808" MapId="444"/>
		<Room Name="정령의무덤" LocX="32923" LocY="32798" MapId="430"/>
		<Room Name="지저호수" LocX="32803" LocY="33048" MapId="420"/>
		<Room Name="그신1" LocX="32703" LocY="32896" MapId="522"/>
		<Room Name="그신2" LocX="32700" LocY="32896" MapId="523"/>
		<Room Name="그신3" LocX="32691" LocY="32894" MapId="524"/>
		<Room Name="수던" LocX="32806" LocY="32869" MapId="63"/>
		
		<!-- ToI -->
		<Room Name="오만11" LocX="32631" LocY="32935" MapId="111"/>
		<Room Name="오만21" LocX="32631" LocY="32935" MapId="121"/>
		<Room Name="오만31" LocX="32631" LocY="32935" MapId="131"/>
		<Room Name="오만41" LocX="32631" LocY="32935" MapId="141"/>
		<Room Name="오만51" LocX="32669" LocY="32814" MapId="151"/>
		<Room Name="오만61" LocX="32669" LocY="32814" MapId="161"/>
		<Room Name="오만71" LocX="32669" LocY="32814" MapId="171"/>
		<Room Name="오만81" LocX="32669" LocY="32814" MapId="181"/>
		<Room Name="오만91" LocX="32669" LocY="32814" MapId="191"/>
		<Room Name="오만10" LocX="32800" LocY="32800" MapId="110"/>
		<Room Name="오만20" LocX="32800" LocY="32800" MapId="120"/>
		<Room Name="오만30" LocX="32800" LocY="32800" MapId="130"/>
		<Room Name="오만40" LocX="32800" LocY="32800" MapId="140"/>
		<Room Name="오만50" LocX="32796" LocY="32796" MapId="150"/>
		<Room Name="오만60" LocX="32720" LocY="32821" MapId="160"/>
		<Room Name="오만70" LocX="32720" LocY="32821" MapId="170"/>
		<Room Name="오만80" LocX="32724" LocY="32822" MapId="180"/>
		<Room Name="오만90" LocX="32722" LocY="32827" MapId="190"/>
		<Room Name="오만100" LocX="32731" LocY="32856" MapId="200"/>
		
		<!-- Four dragon -->
		<Room Name="발라카스" LocX="32723" LocY="32796" MapId="67"/>
		<Room Name="파푸리온" LocX="32769" LocY="32833" MapId="65"/>
		<Room Name="린드비오르" LocX="34035" LocY="33011" MapId="4"/>
		<Room Name="안타라스" LocX="32668" LocY="32867" MapId="37"/>
		
		<!-- Other -->
		<Room Name="지옥" LocX="32701" LocY="32777" MapId="666"/>
		<Room Name="운영자방" LocX="32737" LocY="32796" MapId="99"/>
		
		<!-- 미정리 -->
<!--
		<Room Name="침묵의동굴" LocX="32738" LocY="32800" MapId="304"/>
		<Room Name="Great Cavern Resistance Area" LocX="32549" LocY="32801" MapId="400"/>
		<Room Name="Diad Fortress" LocX="32723" LocY="32851" MapId="320"/>
		<Room Name="벽촌" LocX="32601" LocY="32908" MapId="400"/>
		<Room Name="Great Cavern Resistance Area" LocX="32571" LocY="32673" MapId="400"/>
		<Room Name="Mineral Dungeon" LocX="32733" LocY="32985" MapId="330"/>
		<Room Name="Temple of Shadow 2F" LocX="32700" LocY="32896" MapId="523"/>
		<Room Name="Temple of Shadow 3F" LocX="32691" LocY="32894" MapId="524"/>
		<Room Name="Temple of Shadow 3F" LocX="32691" LocY="32894" MapId="524"/>
		<Room Name="Temple of Shadow 3F" LocX="32691" LocY="32894" MapId="524"/>
		<Room Name="황혼의 산맥" LocX="34270" LocY="33094" MapId="4"/>
		<Room Name="아덴성정" LocX="34090" LocY="33294" MapId="4"/>
		<Room Name="거울의 숲" LocX="33709" LocY="33307" MapId="4"/>
		<Room Name="Heine Dungeon 3F" LocX="32727" LocY="32808" MapId="61"/>
		<Room Name="Kingdom of Eva" LocX="32804" LocY="32869" MapId="63"/>
		<Room Name="Lair of Valakas" LocX="33660" LocY="32465" MapId="4"/>
		<Room Name="Giran" LocX="33432" LocY="32522" MapId="4"/>
		<Room Name="Oren" LocX="34039" LocY="32476" MapId="4"/>
		<Room Name="Gludio" LocX="32736" LocY="32708" MapId="4"/>
		<Room Name="Gludio" LocX="32842" LocY="32945" MapId="4"/>
		<Room Name="Windawood" LocX="32585" LocY="33409" MapId="4"/>
		<Room Name="Windawood" LocX="32763" LocY="33349" MapId="4"/>
		<Room Name="Lastavard Dungeon 1F" LocX="32761" LocY="32822" MapId="307"/>
		<Room Name="Lastavard Dungeon 2F" LocX="32750" LocY="32824" MapId="308"/>
		<Room Name="Lastavard Dungeon 3F" LocX="32757" LocY="32836" MapId="309"/>
		<Room Name="Ancient 1F" LocX="32730" LocY="32860" MapId="2000"/>
		<Room Name="Ancient 2F" LocX="32731" LocY="32800" MapId="2001"/>
		<Room Name="Ancient 4F" LocX="32736" LocY="32811" MapId="2003"/>
		<Room Name="Oum Dungeon" LocX="32737" LocY="32900" MapId="310"/>
		<Room Name="Great Cavern Resistance Area" LocX="32572" LocY="32663" MapId="400"/>
		<Room Name="Sanctuary of Evil" LocX="32929" LocY="32995" MapId="410"/>
		<Room Name="Elemental Grave" LocX="32922" LocY="32812" MapId="430"/>
		<Room Name="Pirate Island" LocX="32422" LocY="33074" MapId="440"/>
		<Room Name="Front Gate of Lastavard" LocX="32658" LocY="32853" MapId="450"/>
		<Room Name="말하는 섬 여인숙 홀" LocX="32735" LocY="32801" MapId="17100"/>
		<Room Name="1F Meeting Area" LocX="32726" LocY="32847" MapId="451"/>
		<Room Name="1F Shock Squad Training Area" LocX="32726" LocY="32824" MapId="452"/>
		<Room Name="1F Evil Power King_s Power Room" LocX="32725" LocY="32851" MapId="453"/>
		<Room Name="1F Wild Animal Torture Room" LocX="32726" LocY="32872" MapId="454"/>
		<Room Name="1F Wild Animal Training Room" LocX="32726" LocY="32852" MapId="455"/>
		<Room Name="1F Evil Power Summoning Room" LocX="32756" LocY="32869" MapId="456"/>
		<Room Name="1F Off-Limits Area of Darkness" LocX="32664" LocY="32853" MapId="457"/>
		<Room Name="2F Dark Magic Training Area" LocX="32811" LocY="32819" MapId="460"/>
		<Room Name="거인의 무덤" LocX="32771" LocY="32870" MapId="400"/>
		<Room Name="Aden Inner Castle" LocX="32894" LocY="32535" MapId="300"/>
		<Room Name="Kent" LocX="33119" LocY="32933" MapId="4"/>
		<Room Name="카오틱텐풀" LocX="32887" LocY="32652" MapId="4"/>
		<Room Name="Mainland Dungeon 7F" LocX="32727" LocY="32745" MapId="13"/>
		<Room Name="Pirate Island Dungeon 1F" LocX="32738" LocY="32740" MapId="441"/>
		<Room Name="Pirate Island Dungeon 2F" LocX="32861" LocY="32732" MapId="442"/>
		<Room Name="Pirate Island Dungeon 3F" LocX="32864" LocY="32782" MapId="443"/>
		<Room Name="Abyss Lake" LocX="32803" LocY="33049" MapId="420"/>
		<Room Name="Talking Island" LocX="32563" LocY="32898" MapId="0"/>
		<Room Name="기란아지트" LocX="33426" LocY="32689" MapId="4"/>
		<Room Name="기란아지트" LocX="33377" LocY="32696" MapId="4"/>
		<Room Name="Ancient 3F" LocX="32812" LocY="32872" MapId="2002"/>
		<Room Name="Oum Dungeon" LocX="32806" LocY="32814" MapId="310"/>
		<Room Name="Temple of Shadow Outland" LocX="32676" LocY="32960" MapId="521"/>
		<Room Name="Temple of Shadow 1F" LocX="32657" LocY="32896" MapId="522"/>
		<Room Name="Temple of Shadow 2F" LocX="32700" LocY="32896" MapId="523"/>
		<Room Name="Temple of Shadow 3F" LocX="32691" LocY="32894" MapId="524"/>
-->
	</RoomList>
</GMCommands>
